base_id,base_name,latitude,longitude,boat_capacity,food_capacity,medical_teams
BASE_GUWAHATI,Guwahati,26.1445,91.7362,600,12000,60
BASE_DIBRUGARH,Dibrugarh,27.4728,94.912,400,8000,40
BASE_JORHAT,Jorhat,26.7509,94.2037,350,7000,35
BASE_SILCHAR,Silchar,24.8333,92.7789,400,8000,40
BASE_TEZPUR,Tezpur,26.6338,92.8,350,7000,35
BASE_NAGAON,Nagaon,26.3465,92.684,350,7000,35
BASE_DHUBRI,Dhubri,26.021,89.985,300,6000,30
BASE_BONGAIGAON,Bongaigaon,26.477,90.559,300,6000,30
BASE_LAKHIMPUR,Lakhimpur,27.2336,94.105,300,6000,30
