object_id,impact_category,predicted_probability,priority_rank,resource,required,allocated,unmet,fulfilment_pct,within_base_range
18-308-00153,High,0.80949086,1,boats,352.0,352.0,0.0,100.0,True
18-308-00153,High,0.80949086,1,food_units,1756.0,1756.0,0.0,100.0,True
18-308-00153,High,0.80949086,1,medical_teams,44.0,44.0,0.0,100.0,True
18-310-00160,High,0.7962734,2,boats,582.0,582.0,0.0,100.0,True
18-310-00160,High,0.7962734,2,food_units,2906.0,2906.0,0.0,100.0,True
18-310-00160,High,0.7962734,2,medical_teams,73.0,73.0,0.0,100.0,True
18-306-00137,High,0.6768947,3,boats,1462.0,1462.0,0.0,100.0,True
18-306-00137,High,0.6768947,3,food_units,7309.0,7309.0,0.0,100.0,True
18-306-00137,High,0.6768947,3,medical_teams,183.0,158.0,25.0,86.3,True
18-308-00151,High,0.668537,4,boats,760.0,760.0,0.0,100.0,True
18-308-00151,High,0.668537,4,food_units,3796.0,3796.0,0.0,100.0,True
18-308-00151,High,0.668537,4,medical_teams,95.0,60.0,35.0,63.2,True
18-309-00155,Medium,0.6584723,5,boats,1286.0,194.0,1092.0,15.1,True
18-309-00155,Medium,0.6584723,5,food_units,6429.0,6429.0,0.0,100.0,True
18-309-00155,Medium,0.6584723,5,medical_teams,161.0,0.0,161.0,0.0,True
18-305-00134,Medium,0.6280526,6,boats,1231.0,0.0,1231.0,0.0,True
18-305-00134,Medium,0.6280526,6,food_units,6153.0,6153.0,0.0,100.0,True
18-305-00134,Medium,0.6280526,6,medical_teams,154.0,0.0,154.0,0.0,True
18-308-00150,Medium,0.6059955,7,boats,361.0,0.0,361.0,0.0,True
18-308-00150,Medium,0.6059955,7,food_units,1805.0,1805.0,0.0,100.0,True
18-308-00150,Medium,0.6059955,7,medical_teams,46.0,0.0,46.0,0.0,True
18-799-00265,Medium,0.6013312,8,boats,416.0,0.0,416.0,0.0,True
18-799-00265,Medium,0.6013312,8,food_units,2076.0,2076.0,0.0,100.0,True
18-799-00265,Medium,0.6013312,8,medical_teams,52.0,0.0,52.0,0.0,True
18-302-00118,Medium,0.5920421,9,boats,189.0,0.0,189.0,0.0,True
18-302-00118,Medium,0.5920421,9,food_units,945.0,945.0,0.0,100.0,True
18-302-00118,Medium,0.5920421,9,medical_teams,24.0,0.0,24.0,0.0,True
18-309-00157,Medium,0.58626014,10,boats,896.0,0.0,896.0,0.0,True
18-309-00157,Medium,0.58626014,10,food_units,4476.0,4476.0,0.0,100.0,True
18-309-00157,Medium,0.58626014,10,medical_teams,112.0,0.0,112.0,0.0,True
18-756-00250,Medium,0.5798324,11,boats,342.0,0.0,342.0,0.0,True
18-756-00250,Medium,0.5798324,11,food_units,1709.0,1709.0,0.0,100.0,True
18-756-00250,Medium,0.5798324,11,medical_teams,43.0,0.0,43.0,0.0,True
18-303-00264,Medium,0.5570447,12,boats,371.0,0.0,371.0,0.0,True
18-303-00264,Medium,0.5570447,12,food_units,1851.0,1851.0,0.0,100.0,True
18-303-00264,Medium,0.5570447,12,medical_teams,47.0,0.0,47.0,0.0,True
18-309-00156,Medium,0.54212457,13,boats,1021.0,0.0,1021.0,0.0,False
18-309-00156,Medium,0.54212457,13,food_units,5104.0,0.0,5104.0,0.0,False
18-309-00156,Medium,0.54212457,13,medical_teams,128.0,0.0,128.0,0.0,False
18-756-00251,Medium,0.5293357,14,boats,257.0,0.0,257.0,0.0,True
18-756-00251,Medium,0.5293357,14,food_units,1282.0,1282.0,0.0,100.0,True
18-756-00251,Medium,0.5293357,14,medical_teams,33.0,0.0,33.0,0.0,True
18-314-00275,Medium,0.52408004,15,boats,628.0,0.0,628.0,0.0,True
18-314-00275,Medium,0.52408004,15,food_units,3140.0,3140.0,0.0,100.0,True
18-314-00275,Medium,0.52408004,15,medical_teams,79.0,0.0,79.0,0.0,True
18-312-00276,Medium,0.49720168,16,boats,537.0,0.0,537.0,0.0,True
18-312-00276,Medium,0.49720168,16,food_units,2681.0,2681.0,0.0,100.0,True
18-312-00276,Medium,0.49720168,16,medical_teams,68.0,0.0,68.0,0.0,True
18-323-00223,Medium,0.4612428,17,boats,214.0,0.0,214.0,0.0,True
18-323-00223,Medium,0.4612428,17,food_units,1067.0,1067.0,0.0,100.0,True
18-323-00223,Medium,0.4612428,17,medical_teams,27.0,0.0,27.0,0.0,True
18-303-00266,Medium,0.45971516,18,boats,500.0,0.0,500.0,0.0,True
18-303-00266,Medium,0.45971516,18,food_units,2500.0,2500.0,0.0,100.0,True
18-303-00266,Medium,0.45971516,18,medical_teams,63.0,0.0,63.0,0.0,True
18-320-00206,Medium,0.453255,19,boats,215.0,0.0,215.0,0.0,False
18-320-00206,Medium,0.453255,19,food_units,1074.0,0.0,1074.0,0.0,False
18-320-00206,Medium,0.453255,19,medical_teams,27.0,0.0,27.0,0.0,False
18-308-00152,Medium,0.44532943,20,boats,311.0,0.0,311.0,0.0,True
18-308-00152,Medium,0.44532943,20,food_units,1551.0,1551.0,0.0,100.0,True
18-308-00152,Medium,0.44532943,20,medical_teams,39.0,0.0,39.0,0.0,True
18-307-00145,Medium,0.42722,21,boats,463.0,0.0,463.0,0.0,True
18-307-00145,Medium,0.42722,21,food_units,2314.0,2314.0,0.0,100.0,True
18-307-00145,Medium,0.42722,21,medical_teams,58.0,0.0,58.0,0.0,True
18-313-00173,Medium,0.42405227,22,boats,225.0,0.0,225.0,0.0,False
18-313-00173,Medium,0.42405227,22,food_units,1125.0,0.0,1125.0,0.0,False
18-313-00173,Medium,0.42405227,22,medical_teams,29.0,0.0,29.0,0.0,False
18-310-00161,Medium,0.40882957,23,boats,419.0,0.0,419.0,0.0,True
18-310-00161,Medium,0.40882957,23,food_units,2093.0,2093.0,0.0,100.0,True
18-310-00161,Medium,0.40882957,23,medical_teams,53.0,0.0,53.0,0.0,True
18-306-00138,Medium,0.40193373,24,boats,504.0,0.0,504.0,0.0,True
18-306-00138,Medium,0.40193373,24,food_units,2517.0,2517.0,0.0,100.0,True
18-306-00138,Medium,0.40193373,24,medical_teams,63.0,0.0,63.0,0.0,True
18-320-00205,Medium,0.39160582,25,boats,200.0,0.0,200.0,0.0,True
18-320-00205,Medium,0.39160582,25,food_units,998.0,998.0,0.0,100.0,True
18-320-00205,Medium,0.39160582,25,medical_teams,25.0,0.0,25.0,0.0,True
18-312-00277,Medium,0.36518922,26,boats,214.0,0.0,214.0,0.0,True
18-312-00277,Medium,0.36518922,26,food_units,1070.0,1070.0,0.0,100.0,True
18-312-00277,Medium,0.36518922,26,medical_teams,27.0,0.0,27.0,0.0,True
18-312-00169,Medium,0.34660316,27,boats,221.0,0.0,221.0,0.0,True
18-312-00169,Medium,0.34660316,27,food_units,1103.0,1103.0,0.0,100.0,True
18-312-00169,Medium,0.34660316,27,medical_teams,28.0,0.0,28.0,0.0,True
18-816-00259,Medium,0.34028423,28,boats,242.0,0.0,242.0,0.0,True
18-816-00259,Medium,0.34028423,28,food_units,1209.0,1209.0,0.0,100.0,True
18-816-00259,Medium,0.34028423,28,medical_teams,31.0,0.0,31.0,0.0,True
18-323-00224,Medium,0.33451003,29,boats,343.0,0.0,343.0,0.0,True
18-323-00224,Medium,0.33451003,29,food_units,1712.0,1712.0,0.0,100.0,True
18-323-00224,Medium,0.33451003,29,medical_teams,43.0,0.0,43.0,0.0,True
18-307-00144,Low,0.32138902,30,boats,144.0,0.0,144.0,0.0,True
18-307-00144,Low,0.32138902,30,food_units,718.0,552.0,166.0,76.9,True
18-307-00144,Low,0.32138902,30,medical_teams,18.0,0.0,18.0,0.0,True
18-816-00261,Low,0.30832988,31,boats,373.0,0.0,373.0,0.0,True
18-816-00261,Low,0.30832988,31,food_units,1861.0,0.0,1861.0,0.0,True
18-816-00261,Low,0.30832988,31,medical_teams,47.0,0.0,47.0,0.0,True
18-309-00154,Low,0.2919153,32,boats,129.0,0.0,129.0,0.0,True
18-309-00154,Low,0.2919153,32,food_units,645.0,0.0,645.0,0.0,True
18-309-00154,Low,0.2919153,32,medical_teams,17.0,0.0,17.0,0.0,True
18-757-00253,Low,0.29031882,33,boats,256.0,0.0,256.0,0.0,False
18-757-00253,Low,0.29031882,33,food_units,1277.0,0.0,1277.0,0.0,False
18-757-00253,Low,0.29031882,33,medical_teams,32.0,0.0,32.0,0.0,False
18-313-00172,Low,0.28070024,34,boats,253.0,0.0,253.0,0.0,True
18-313-00172,Low,0.28070024,34,food_units,1261.0,0.0,1261.0,0.0,True
18-313-00172,Low,0.28070024,34,medical_teams,32.0,0.0,32.0,0.0,True
18-326-00247,Low,0.27873352,35,boats,146.0,0.0,146.0,0.0,True
18-326-00247,Low,0.27873352,35,food_units,729.0,0.0,729.0,0.0,True
18-326-00247,Low,0.27873352,35,medical_teams,19.0,0.0,19.0,0.0,True
18-324-00262,Low,0.2729734,36,boats,189.0,0.0,189.0,0.0,True
18-324-00262,Low,0.2729734,36,food_units,943.0,0.0,943.0,0.0,True
18-324-00262,Low,0.2729734,36,medical_teams,24.0,0.0,24.0,0.0,True
18-323-00227,Low,0.271267,37,boats,52.0,0.0,52.0,0.0,True
18-323-00227,Low,0.271267,37,food_units,260.0,0.0,260.0,0.0,True
18-323-00227,Low,0.271267,37,medical_teams,7.0,0.0,7.0,0.0,True
18-303-00123,Low,0.26479417,38,boats,255.0,0.0,255.0,0.0,True
18-303-00123,Low,0.26479417,38,food_units,1272.0,0.0,1272.0,0.0,True
18-303-00123,Low,0.26479417,38,medical_teams,32.0,0.0,32.0,0.0,True
18-313-00174,Low,0.25273758,39,boats,158.0,0.0,158.0,0.0,True
18-313-00174,Low,0.25273758,39,food_units,789.0,0.0,789.0,0.0,True
18-313-00174,Low,0.25273758,39,medical_teams,20.0,0.0,20.0,0.0,True
18-313-00175,Low,0.25263622,40,boats,426.0,0.0,426.0,0.0,True
18-313-00175,Low,0.25263622,40,food_units,2127.0,0.0,2127.0,0.0,True
18-313-00175,Low,0.25263622,40,medical_teams,54.0,0.0,54.0,0.0,True
18-799-00124,Low,0.24694128,41,boats,127.0,0.0,127.0,0.0,True
18-799-00124,Low,0.24694128,41,food_units,632.0,0.0,632.0,0.0,True
18-799-00124,Low,0.24694128,41,medical_teams,16.0,0.0,16.0,0.0,True
18-307-00146,Low,0.23920785,42,boats,118.0,0.0,118.0,0.0,True
18-307-00146,Low,0.23920785,42,food_units,586.0,0.0,586.0,0.0,True
18-307-00146,Low,0.23920785,42,medical_teams,15.0,0.0,15.0,0.0,True
18-310-00159,Low,0.21068135,43,boats,212.0,0.0,212.0,0.0,True
18-310-00159,Low,0.21068135,43,food_units,1057.0,0.0,1057.0,0.0,True
18-310-00159,Low,0.21068135,43,medical_teams,27.0,0.0,27.0,0.0,True
