object_id,timeperiod,top_reasons,shap_max_rain,shap_mean_rain,shap_sum_rain,shap_mean_ndvi,shap_mean_ndbi,shap_sum_population,shap_sum_aged_population,shap_sum_young_population,shap_mean_sex_ratio,shap_total_hhd,shap_net_sown_area_in_hac,shap_schools_count,shap_health_centres_count,shap_road_length,shap_distance_from_river,shap_drainage_density,shap_elevation_mean,shap_slope_mean,shap_mean_cn,shap_impact
18-300-00101,2026-04-01,mean_ndbi contributed -15%; health_centres_count contributed -13%; sum_rain contributed -9%,0.18980607,-0.32327995,-0.3263837,-0.18723556,-0.58128786,-0.17570539,0.029862985,-0.0478281,-0.1681122,0.09958568,-0.13115552,-0.2551618,-0.4876055,-0.017970823,0.030712185,-0.27342916,-0.06499295,-0.029545344,-0.06993225,-0.30702567
18-300-00102,2026-04-01,max_rain contributed -19%; sum_rain contributed -11%; net_sown_area_in_hac contributed -11%,-1.4216558,-0.65570676,-0.84262425,-0.43042406,-0.61342967,-0.25283167,-0.662595,0.14693893,-0.28966132,-0.54478955,-0.79371876,0.099080645,0.03932015,-0.3262865,0.0049190503,0.16697136,-0.07080488,0.044248227,0.1360558,0.014480899
18-300-00103,2026-04-01,max_rain contributed -19%; sum_rain contributed -11%; mean_ndvi contributed -11%,-0.7510623,-0.13855863,-0.4550948,-0.4489831,-0.4363796,-0.21137789,-0.14003363,-0.041892786,-0.103515394,-0.03609809,-0.05566905,-0.060729537,0.08298558,0.120888464,-0.1836458,0.06461528,-0.2083736,-0.09554255,-0.13469054,-0.27496585
18-300-00104,2026-04-01,mean_ndvi contributed -25%; mean_ndbi contributed -15%; max_rain contributed -12%,-0.67442787,-0.023119386,0.16334939,-1.352323,-0.8138577,-0.19503313,-0.044433404,-0.2744605,-0.093234435,0.026250562,-0.14749764,-0.2927642,0.010972474,0.027582934,-0.115479745,-0.3028244,0.09423656,-0.11289609,-0.31000453,-0.397308
18-300-00105,2026-04-01,max_rain contributed -26%; net_sown_area_in_hac contributed -15%; mean_ndvi contributed -14%,-1.4975414,-0.25900108,-0.48079342,-0.8231892,0.032908525,0.021179328,-0.053109296,0.04149099,0.056964375,-0.3065971,-0.8490351,0.01099077,0.15517142,-0.30573127,-0.26937577,-0.16141345,-0.005014298,0.1373984,0.0025856127,-0.27584365
18-300-00106,2026-04-01,sum_rain contributed -15%; schools_count contributed -13%; mean_ndbi contributed -8%,-0.23448794,-0.2601864,-1.2552263,-0.6062876,-0.64745504,-0.33157104,-0.42480046,-0.25276348,-0.1472718,-0.42509723,-0.4232314,-1.0665401,-0.3709354,-0.51470214,-0.41775578,-0.33601803,-0.14176948,-0.017849796,0.017938294,-0.45052093
18-300-00107,2026-04-01,max_rain contributed -13%; net_sown_area_in_hac contributed -12%; schools_count contributed -12%,-1.5275705,-0.6896148,-0.98198503,-0.37828723,-0.76611304,-0.019749656,-0.5880117,0.06732095,-0.14674737,-0.5690715,-1.3971452,-1.3398092,-0.083737075,-0.697996,-0.90847564,-0.55432624,-0.15914541,0.029376546,-0.13807853,-0.42289707
18-300-00108,2026-04-01,sum_rain contributed -16%; max_rain contributed -12%; net_sown_area_in_hac contributed -11%,-1.5590774,-0.7205946,-1.9766759,-0.9800371,-1.0505772,-0.12433313,-0.20753357,-0.22539012,-0.042989664,-0.5915758,-1.4175415,-1.2334485,-0.11713853,-0.5173529,-0.29410776,-0.46483615,0.0984245,-0.36081648,-0.14694728,-0.5435798
18-301-00109,2026-04-01,elevation_mean contributed -19%; max_rain contributed -14%; sum_rain contributed -12%,-1.4047406,-0.7855591,-1.2607039,-0.041853078,-1.0706108,-0.35005626,-0.24691042,-0.21136674,-0.25246078,-0.26307946,-0.3475718,-0.13104454,0.004217542,-0.67618406,-0.11465582,0.001789175,-1.9318666,-0.027548226,-0.4941403,-0.5038367
18-301-00110,2026-04-01,elevation_mean contributed -26%; mean_ndbi contributed -14%; drainage_density contributed -8%,0.24649154,-0.21277754,-0.37145013,-0.24815328,-0.7387432,-0.16490439,-0.24629502,-0.17378695,-0.046967708,0.0422326,-0.056162115,0.032466155,0.034975108,-0.3361364,0.1268869,-0.43507355,-1.3785735,-0.0017322381,-0.069039844,-0.33164406
18-301-00111,2026-04-01,elevation_mean contributed -35%; mean_ndbi contributed -11%; drainage_density contributed -9%,0.36258757,-0.19827878,-0.36549208,-0.22162357,-0.67127365,-0.21836394,0.054329645,-0.14899066,-0.22656953,0.004530794,0.039192222,0.01112201,-0.042208277,-0.075379655,-0.04324972,-0.50198287,-2.0502982,-0.16469109,-0.046553627,-0.3910749
18-301-00112,2026-04-01,elevation_mean contributed -34%; mean_ndbi contributed -17%; sum_rain contributed -10%,0.052242544,-0.20930988,-0.5842221,0.115979224,-1.0509117,0.11861449,0.0944679,-0.12350115,-0.23501958,0.015263408,0.009864296,-0.35219452,-0.004934608,-0.006384466,0.10167932,-0.29294503,-2.0551713,-0.049829546,-0.27367127,-0.27776253
18-301-00113,2026-04-01,max_rain contributed -21%; elevation_mean contributed -17%; mean_rain contributed -12%,-1.2911481,-0.72372764,-0.3869081,-0.306479,-0.46412635,-0.318769,-0.19509505,-0.18128377,0.011862179,0.02073669,0.018351061,-0.26753017,-0.3056459,-0.0012475608,-0.10043931,0.046654753,-0.9983104,-0.03965925,-0.07313518,-0.26182234
18-301-00114,2026-04-01,sum_aged_population contributed -23%; max_rain contributed -20%; sum_rain contributed -16%,-0.8158323,0.025110612,-0.63566166,-0.2596185,-0.49638534,0.03416008,-0.9339906,0.012437189,-0.0018227383,0.04773032,-0.011903958,0.09179482,0.031330872,0.023943506,0.10881953,-0.03664504,-0.22058722,0.053873625,-0.03964633,-0.14602228
18-301-00274,2026-04-01,sum_aged_population contributed -24%; sum_rain contributed -17%; schools_count contributed -7%,-0.18024409,-0.52954286,-1.5343,-0.39567947,-0.24678634,-0.37590265,-2.0976064,0.15159483,-0.31285074,-0.2434093,-0.19255729,-0.6364204,-0.4385854,-0.32576585,0.07821144,-0.07815407,-0.42648357,0.0016744989,-0.26381657,-0.2718306
18-302-00115,2026-04-01,elevation_mean contributed -17%; max_rain contributed -17%; schools_count contributed -9%,-0.930032,-0.5013997,0.15430102,0.39690012,-0.002092287,-0.10412874,0.23808722,0.005742246,-0.24160323,0.07470081,0.21569954,-0.5140856,-0.02209473,0.088581406,-0.0689638,0.19076915,-0.93568903,0.15323326,-0.42383453,-0.1620333
18-302-00116,2026-04-01,mean_sex_ratio contributed -14%; max_rain contributed -11%; road_length contributed -10%,-0.5282257,-0.02216353,0.04886423,-0.11052012,-0.41257846,-0.2180405,-0.15442973,-0.3231014,-0.6799143,0.068823606,0.038420577,-0.25943387,-0.29251343,-0.49717823,-0.03162701,-0.22827688,-0.2873209,-0.33295467,-0.11015153,-0.32798555
18-302-00117,2026-04-01,sum_rain contributed -13%; mean_sex_ratio contributed -13%; mean_ndvi contributed -13%,-0.03589877,-0.102128536,-0.5535454,-0.5281384,0.06180097,-0.26224628,0.011553283,-0.3417067,-0.53422534,0.07419217,-0.030494403,0.079734854,-0.15380189,-0.4687394,-0.030124662,-0.2237258,-0.30171597,0.030829908,-0.03864128,-0.280475
18-302-00118,2026-04-01,slope_mean contributed -13%; sum_aged_population contributed -12%; mean_rain contributed +11%,0.31240487,0.4404811,-0.34062424,0.19143061,0.26121697,0.16939503,-0.48127168,0.15106028,-0.23033035,-0.111082494,0.105635755,-0.042827986,0.033919346,-0.12541962,0.10806618,-0.14740509,-0.015151743,-0.53329676,-0.049576577,-0.13288404
18-302-00119,2026-04-01,slope_mean contributed -14%; distance_from_river contributed -11%; net_sown_area_in_hac contributed -10%,-0.18781039,0.30314577,-0.26803344,-0.5059568,-0.43575186,-0.16249962,-0.0073031606,-0.20706862,-0.31586596,-0.39093414,-0.63022524,0.040290136,0.031664576,-0.032418534,-0.6591829,-0.2551811,-0.2097007,-0.8504499,0.10182223,-0.52446747
18-303-00120,2026-04-01,max_rain contributed -19%; mean_ndvi contributed -11%; elevation_mean contributed -9%,-1.2029538,-0.53205705,-0.51461864,-0.71981066,-0.2785116,-0.12367614,0.0751465,-0.14908783,-0.23829433,0.0025525135,-0.40622273,-0.16020949,-0.00055399176,-0.28989497,-0.16048576,-0.14011647,-0.580538,0.06674371,-0.46183592,-0.28396985
18-303-00121,2026-04-01,mean_ndvi contributed -13%; elevation_mean contributed -11%; mean_cn contributed -9%,-0.35618952,-0.26250508,-0.24069998,-0.61551595,-0.16071516,-0.29218745,-0.25766382,-0.24725199,-0.11311936,0.01260427,0.18061078,0.040316716,-0.11901488,-0.27659094,-0.09193372,0.17496987,-0.55193156,0.13190863,-0.41843,-0.371521
18-303-00122,2026-04-01,max_rain contributed -21%; sum_rain contributed -18%; mean_ndvi contributed -9%,-1.0292062,0.37590432,-0.8604212,-0.42094493,-0.27478772,0.2292392,-0.18374164,0.06472168,-0.076447956,0.06239315,0.09139293,-0.22644457,-0.29509118,0.011182702,0.0887106,0.056337144,-0.14503565,-0.052320663,-0.064008184,-0.22847925
18-303-00123,2026-04-01,max_rain contributed -35%; sum_rain contributed -15%; impact contributed -7%,-0.83878076,0.04357118,-0.36366442,-0.07493783,-0.1146562,-0.073316045,-0.004155864,-0.0884032,-0.096689396,-0.067305736,0.03898923,0.07436277,-0.088204965,0.097090915,0.020738207,-0.007461586,-0.1229932,0.00075919693,0.008112874,-0.17292747
18-303-00264,2026-04-01,max_rain contributed -17%; mean_rain contributed +17%; schools_count contributed +8%,-0.43523523,0.43342522,0.06309614,-0.09957146,0.04812742,-0.12811546,0.08531573,-0.064044274,-0.19377309,-0.0071342234,-0.14005604,0.20907575,0.043595035,-0.10220381,-0.06021301,0.13787284,-0.11222279,-0.0035841446,-0.056040727,-0.19781159
18-303-00266,2026-04-01,sum_rain contributed -14%; mean_rain contributed +12%; mean_ndvi contributed +10%,-0.19529401,0.58089596,-0.67556345,0.50834346,-0.41461337,-0.18529719,0.015281113,-0.0571527,-0.13605839,-0.007955805,-0.20140481,0.09634311,-0.014085405,-0.13344608,0.12455662,0.361938,-0.2713083,0.30834228,-0.34429923,-0.32938507
18-304-00126,2026-04-01,max_rain contributed -20%; mean_rain contributed -19%; sum_rain contributed -18%,-1.5153182,-1.4344105,-1.3318454,-0.31166047,0.22589375,-0.080694295,-0.11834686,0.0021426599,-0.80097806,0.09818158,-0.2841487,0.17654043,-0.059077013,-0.11184982,0.22190315,0.13275965,0.107313156,0.12868287,-0.2940895,-0.09573799
18-304-00127,2026-04-01,sum_rain contributed -21%; mean_sex_ratio contributed -12%; road_length contributed -10%,-0.4746725,-0.10304939,-1.0285567,-0.22682613,0.24168175,-0.16528507,-0.23876384,0.017486788,-0.57554084,-0.030772991,-0.14492735,-0.15737918,-0.021491092,-0.4900501,-0.20977196,0.029287633,-0.07276671,0.047372714,-0.25617167,-0.256518
18-304-00128,2026-04-01,max_rain contributed -39%; sum_rain contributed -19%; mean_rain contributed -18%,-2.9320223,-1.3980438,-1.4116703,-0.25087377,-0.88238347,-0.00883124,-0.03519987,-0.12484551,0.05350276,-0.025354967,0.010171316,0.0062656337,-0.00455984,-0.023299798,0.10465072,-0.078032896,0.04549307,0.021561125,-0.024176218,-0.12172823
18-304-00129,2026-04-01,sum_rain contributed -23%; mean_ndbi contributed -16%; max_rain contributed -14%,-0.8720978,-0.31592184,-1.4141746,-0.060919836,-0.98849213,-0.14233218,-0.124524005,-0.16592689,-0.4677219,-0.032693893,-0.4597533,0.10879038,-0.10804138,-0.32392722,0.10581229,0.054388605,0.0017789747,0.017872501,-0.1068933,-0.17574053
18-304-00271,2026-04-01,max_rain contributed -43%; mean_rain contributed -17%; sum_rain contributed -16%,-4.0953064,-1.6027935,-1.5453253,-0.3990113,-0.09143516,-0.15751337,-0.079134636,-0.27037245,-0.50676847,-0.14760561,0.025542336,-0.1593358,0.0021655252,-0.009603876,0.0018684006,-0.13791046,-0.03414622,-0.023010816,-0.08946712,-0.113972425
18-305-00130,2026-04-01,max_rain contributed -32%; mean_ndvi contributed -16%; sum_rain contributed -8%,-1.9132991,0.12713936,-0.47865131,-0.95984405,-0.4110027,-0.10297134,-0.019124461,0.0020672795,0.26309058,0.11947437,0.15310137,0.092022866,-0.07485407,0.15768662,-0.3224133,-0.24115784,0.20158221,0.03577112,0.0075830235,-0.20696305
18-305-00131,2026-04-01,max_rain contributed -22%; mean_ndvi contributed -20%; sum_rain contributed -12%,-1.3519919,-0.3946172,-0.7785759,-1.235971,-0.21491025,0.2622538,-0.33803308,-0.23670712,0.32746556,0.052689772,0.053323835,0.10271975,0.028496534,0.014360875,0.008282117,-0.11319599,0.13233386,-0.19631712,-0.12727217,-0.3101273
18-305-00132,2026-04-01,max_rain contributed -21%; mean_ndbi contributed -14%; health_centres_count contributed -9%,-1.2867177,0.060101103,-0.5574241,-0.27192453,-0.8482033,-0.24025396,-0.2991951,-0.08646913,0.17615445,-0.055115607,-0.0399412,-0.1375194,-0.57724917,-0.3066761,-0.56025636,0.07994176,-0.06379651,-0.14518753,-0.022694934,-0.3710821
18-305-00133,2026-04-01,max_rain contributed -25%; mean_ndbi contributed -15%; sum_rain contributed -12%,-1.2183146,-0.104598716,-0.6098621,-0.34389037,-0.7613887,-0.020813502,-0.25439453,-0.040570404,-0.16119377,0.008537991,-0.26062852,-0.051400326,-0.044472046,-0.043901067,-0.47210395,0.07223845,-0.060330253,-0.015475297,-0.004015374,-0.38482377
18-305-00134,2026-04-01,mean_rain contributed +19%; max_rain contributed -16%; mean_ndbi contributed -12%,-0.86999476,1.0482993,-0.59787893,0.57490337,-0.6801945,0.16531095,0.062098283,0.02177019,0.28210968,0.066963546,0.19061837,-0.08087791,-0.07716174,-0.07701842,0.09625928,-0.051858358,0.013485029,-0.18133067,0.11398498,-0.3042906
18-305-00135,2026-04-01,max_rain contributed -38%; mean_ndbi contributed -19%; mean_rain contributed -9%,-1.9339881,-0.44999427,-0.1120856,0.2577797,-0.96673095,-0.10519424,-0.048381023,-0.08930477,-0.17378964,-0.012515675,0.12711436,0.132819,-0.049592204,0.016753,0.097538054,-0.09574179,0.115124665,0.046860274,-0.07043324,-0.14956042
18-305-00136,2026-04-01,max_rain contributed -34%; mean_ndbi contributed -18%; mean_rain contributed -12%,-1.8843704,-0.6475768,-0.31203118,0.44322914,-0.9856099,-0.02697341,-0.14076105,-0.117938586,0.04040476,0.112544775,0.07028545,0.014590384,0.036985084,-0.047278978,0.0813284,-0.042573012,0.011762999,-0.23176846,-0.09932709,-0.16551834
18-306-00137,2026-04-01,mean_ndbi contributed -22%; max_rain contributed -21%; mean_ndvi contributed +9%,-1.0771638,0.42197484,0.35863483,0.46459565,-1.1355802,0.1310691,0.19850615,0.036222085,0.16200861,0.047057882,0.052510772,0.02635325,-0.15390173,0.13908964,0.092062294,0.08986404,0.1861452,0.043818254,0.08639432,-0.23879798
18-306-00138,2026-04-01,mean_ndbi contributed -26%; drainage_density contributed -15%; impact contributed -13%,0.014806662,-0.061345577,0.106887564,-0.07064609,-0.7469332,-0.17185955,-0.046073433,-0.052957747,0.027625233,0.07770023,0.19906932,0.09877554,-0.09948688,0.004272393,-0.0048572784,-0.4347408,0.20090562,-0.0047220974,0.12394744,-0.3664565
18-306-00139,2026-04-01,mean_ndbi contributed -31%; max_rain contributed -20%; mean_ndvi contributed +11%,-1.0178498,0.023579577,-0.23814625,0.57027996,-1.5833969,-0.014989315,0.025218949,-0.13288763,-0.04564339,0.034649666,-0.3148442,0.049643494,-0.019276237,-0.054434422,0.170074,0.012577571,-0.0030683407,-0.017671576,-0.36623865,-0.43697417
18-306-00140,2026-04-01,mean_ndbi contributed -24%; impact contributed -11%; sum_young_population contributed -11%,-0.09555849,-0.30313343,0.1451262,-0.05407568,-0.6809738,-0.0976209,-0.023374826,-0.3081328,0.0005065227,-0.11971405,-0.06416831,-0.066037655,-0.086710505,-0.07156066,0.031079924,-0.15191509,-0.14663002,-0.052795794,0.016047835,-0.32265157
18-307-00141,2026-04-01,max_rain contributed -36%; mean_ndvi contributed -13%; distance_from_river contributed -8%,-1.6428108,-0.115623824,-0.251772,-0.5876683,0.007922985,0.05274875,-0.20826744,-0.09435202,-0.3283391,0.022883875,0.11295768,-0.025521746,0.026242832,-0.08369693,-0.36361974,0.15325262,0.2488569,-0.013780842,0.08024189,-0.18001112
18-307-00142,2026-04-01,max_rain contributed -20%; mean_ndbi contributed -16%; sum_rain contributed -12%,-1.0215002,-0.34176624,-0.6163494,-0.5994854,-0.7940857,-0.18005823,-0.15708248,-0.1659761,-0.44928056,-0.0071779257,0.01828418,-0.023887623,0.010456544,0.036474388,0.058089938,0.19271654,0.10415809,-0.052193787,-0.0781191,-0.18916103
18-307-00143,2026-04-01,road_length contributed -15%; mean_ndbi contributed -11%; mean_sex_ratio contributed -8%,-0.42526317,0.39660186,-0.23513985,-0.4568652,-0.6286811,-0.25068095,-0.07849453,-0.07213858,-0.46038708,-0.20815472,-0.18902463,-0.0016112317,0.019877218,-0.8191257,-0.14006887,-0.4184744,-0.3258815,-0.11011174,-0.13589187,-0.270953
18-307-00144,2026-04-01,max_rain contributed +18%; sum_rain contributed +11%; mean_rain contributed -10%,0.7119798,-0.40193352,0.45094234,-0.10798919,-0.3927641,-0.1501767,-0.19771084,-0.3179074,-0.39191228,-0.015361959,-0.10807488,0.00021781062,0.013031706,-0.04634948,-0.1930432,-0.25480792,0.05716478,-0.006944172,-0.007774557,-0.19665688
18-307-00145,2026-04-01,mean_ndbi contributed -21%; mean_sex_ratio contributed -10%; sum_rain contributed +10%,-0.28124323,-0.15987545,0.37391025,-0.21075712,-0.7857271,-0.104369715,-0.0003938707,-0.07011299,-0.39884505,0.061534178,0.17648508,-0.15582015,0.08444382,0.07009467,0.023968665,0.30392873,0.20318612,0.027061293,0.029654633,-0.2889994
18-307-00146,2026-04-01,road_length contributed -14%; mean_ndbi contributed -12%; mean_ndvi contributed -12%,-0.031692,-0.10174589,-0.18194619,-0.36631104,-0.3761802,0.065628745,-0.03813518,-0.06545194,-0.29990757,0.01054842,-0.062505536,-0.10995288,0.057528183,-0.42820823,-0.06671716,0.22489949,0.19681019,0.013829681,-0.06750113,-0.33868968
18-307-00147,2026-04-01,sum_rain contributed -20%; mean_ndbi contributed -19%; mean_ndvi contributed -16%,0.041965928,0.3495683,-1.0412979,-0.8352515,-1.0019016,0.02117678,-0.030779088,-0.042262193,-0.25330764,-0.12186299,-0.15825558,0.14535804,0.0031648278,-0.23597829,0.01594617,0.26324773,0.21171808,0.01098348,0.070645444,-0.33477136
18-308-00148,2026-04-01,sum_rain contributed -19%; sum_aged_population contributed -18%; net_sown_area_in_hac contributed -12%,-0.28714275,-0.28363404,-2.0048678,-0.25528517,-0.41149896,-0.32295945,-1.8074692,0.08103517,0.08189322,-0.56664336,-1.2162983,-1.1803714,-0.36560175,-0.25087136,-0.09594179,0.07353701,-0.18364924,-0.5671393,0.024765123,-0.24676608
18-308-00149,2026-04-01,sum_aged_population contributed -20%; sum_rain contributed -10%; schools_count contributed -9%,-0.12937565,-0.29453635,-1.1181453,-0.5309693,-0.67729455,-0.4300243,-2.1449409,-0.07574008,-0.03142469,-0.7412621,-0.048631344,-0.98686713,-0.4331564,-0.7246549,-0.017714545,-0.50099087,-0.74380744,-0.62998503,-0.09750873,-0.36736336
18-308-00150,2026-04-01,max_rain contributed -16%; mean_rain contributed -12%; impact contributed -8%,-0.64451504,-0.44964668,-0.13694775,-0.29805925,0.16730587,0.13889796,-0.12612265,-0.011686714,0.07748376,0.037822787,0.19127052,0.21478954,0.12969106,0.15676455,0.11724155,-0.1537814,0.23783326,0.12008595,0.17517997,-0.32177076
18-308-00151,2026-04-01,max_rain contributed -19%; mean_rain contributed +15%; mean_sex_ratio contributed +14%,-0.62491256,0.4911047,0.10861998,-0.34956026,-0.12274757,-0.13770892,-0.05094622,-0.038948163,0.46623313,0.06707587,0.04636013,0.05946643,0.02680301,0.054342773,-0.060004413,0.08588797,0.09808592,0.055642966,0.034841355,-0.31673488
18-308-00152,2026-04-01,max_rain contributed -22%; mean_ndbi contributed -17%; impact contributed -12%,-0.77963066,-0.14192767,0.20826374,-0.13002451,-0.59533596,-0.09177412,-0.030321978,0.006911909,0.061023824,0.07981295,0.12802668,-0.09982458,0.12189363,0.039521515,0.075571515,0.17108537,0.2170733,0.07370075,0.064039275,-0.40631866
18-308-00153,2026-04-01,max_rain contributed +25%; mean_ndbi contributed -11%; impact contributed -9%,0.7252132,-0.05353366,0.032493457,0.033293195,-0.3264103,-0.119638205,-0.12372915,-0.066839956,-0.08460413,0.07977405,-0.046830334,0.027044192,0.093586706,0.13860828,0.104963645,0.14039382,0.25503933,-0.028979432,0.12581907,-0.26763228
18-309-00154,2026-04-01,mean_sex_ratio contributed -24%; mean_ndbi contributed -14%; impact contributed -10%,-0.2128927,-0.062030897,0.08235963,-0.10686104,-0.39895636,0.060517326,-0.033623658,-0.05004963,-0.66983944,-0.20771529,-0.004406746,-0.00084181747,-0.08411817,-0.023531688,0.07660779,0.17889363,-0.13039207,0.085889086,0.085855745,-0.27963755
18-309-00155,2026-04-01,max_rain contributed +19%; sum_rain contributed +14%; mean_ndvi contributed -13%,0.6285444,0.014654346,0.48382768,-0.43640798,-0.16214344,-0.051121227,0.026706882,-0.24512419,-0.09027949,0.062077194,-0.09384893,0.10644331,-0.21561494,0.044277985,0.0913491,0.08984239,-0.12726289,0.011615329,0.060627665,-0.3503438
18-309-00156,2026-04-01,mean_ndbi contributed -22%; sum_rain contributed +18%; impact contributed -10%,-0.24793081,0.010672615,0.7519889,-0.31441495,-0.90223104,0.009950324,0.13307835,-0.20320643,0.22836824,0.04452849,0.08417914,0.17070375,-0.031983938,-0.087808505,-0.11580017,-0.056491964,0.111828834,0.07948293,0.10265113,-0.40734026
18-309-00157,2026-04-01,max_rain contributed -16%; mean_sex_ratio contributed -13%; impact contributed -11%,-0.58688414,-0.13582936,0.38514176,-0.0720077,0.18145287,0.34172824,0.06394704,-0.017536603,-0.4769868,0.11062369,0.24502137,0.119638525,0.034052074,-0.08452503,-0.004021158,-0.16133718,0.015207881,-0.11764101,0.1192186,-0.41941106
18-310-00158,2026-04-01,max_rain contributed -28%; mean_ndvi contributed -15%; impact contributed -11%,-1.034199,0.11970647,0.01593852,-0.53663874,-0.23249625,-0.1572951,0.042899817,-0.0330698,-0.19823751,0.0017529174,0.0971253,0.14146964,0.0026572226,-0.017429577,-0.16926506,0.098544605,0.07875229,-0.010302915,-0.29283828,-0.39919874
18-310-00159,2026-04-01,max_rain contributed -15%; distance_from_river contributed -11%; mean_rain contributed +10%,-0.70338047,0.45747,-0.34426638,-0.22015141,-0.37280968,-0.11364216,-0.1513384,-0.07500373,0.40646154,0.04479434,0.08480648,0.1363993,-0.061345685,0.067498125,-0.489359,-0.1313068,-0.02538484,0.013824609,-0.24295816,-0.40980518
18-310-00160,2026-04-01,mean_ndbi contributed -24%; mean_rain contributed +13%; sum_rain contributed +9%,-0.38874704,0.63173467,0.43308443,0.39804885,-1.1940913,-0.107682206,0.01829067,0.029760094,-0.10724658,0.037620228,0.18106772,0.19157532,0.03871953,0.060185153,0.19918615,0.18708833,0.17378867,0.054930672,0.09822374,-0.3810463
18-310-00161,2026-04-01,distance_from_river contributed -15%; sum_rain contributed -11%; impact contributed -10%,-0.28674784,0.41875625,-0.50277495,-0.38530278,-0.16946745,-0.111839116,0.12595825,0.04157411,0.37835225,-0.046645597,-0.21679755,0.04931224,0.08550376,0.043083176,-0.6387295,0.23294172,0.015942615,0.058960117,0.15704352,-0.42660356
18-310-00162,2026-04-01,distance_from_river contributed -22%; max_rain contributed -18%; sum_rain contributed -14%,-0.91874075,-0.12127453,-0.7087459,-0.2777171,-0.2499277,-0.22759765,-0.06861269,-0.02584219,-0.16088046,-0.042589437,-0.038458396,0.038721796,0.034563642,-0.21303147,-1.0952489,0.15224463,0.039443262,-0.02043946,0.1452433,-0.4843718
18-310-00163,2026-04-01,max_rain contributed -18%; distance_from_river contributed -17%; sum_rain contributed -13%,-0.96859425,-0.1749177,-0.7167237,-0.090118624,-0.7147443,-0.23211363,-0.041582692,-0.05129802,0.0029532374,0.03041915,0.025924701,0.031720992,0.07046745,-0.059835657,-0.92822844,0.10348496,-0.11819196,-0.15610304,-0.36841154,-0.4653117
18-310-00164,2026-04-01,mean_ndbi contributed -29%; impact contributed -11%; max_rain contributed -11%,-0.44432616,0.15784286,-0.28643063,-0.1982028,-1.1591941,-0.06782278,-0.0452732,-0.20189069,-0.12507294,-0.0027427417,0.059523746,0.018680654,0.10340618,-0.0773102,-0.18310714,-0.10949878,-0.060756024,-0.018417796,-0.21327543,-0.4512985
18-311-00165,2026-04-01,max_rain contributed -19%; mean_ndbi contributed -16%; sum_rain contributed -12%,-0.6473061,0.09386342,-0.4059796,-0.02102286,-0.5502006,-0.21020348,-0.05967202,-0.04022671,-0.29736164,0.040472534,-0.011317218,-0.07093085,0.056843597,-0.1157673,-0.019309787,-0.22006573,0.15550618,0.0050273687,-0.11259275,-0.24272941
18-311-00166,2026-04-01,max_rain contributed -22%; mean_ndbi contributed -15%; sum_rain contributed -15%,-0.9441694,-0.13427539,-0.6456113,-0.2481554,-0.66840017,-0.11500871,-0.1414411,-0.053683277,-0.1889537,0.013457808,0.07081222,-0.06413079,-0.06013162,-0.050847962,-0.05510028,0.17666832,0.15072997,-0.08045277,0.044418707,-0.40583664
18-311-00167,2026-04-01,max_rain contributed -27%; mean_ndvi contributed -13%; distance_from_river contributed -9%,-0.95051605,0.018862795,-0.18082157,-0.45710418,0.16038644,-0.0331461,-0.082305625,-0.04507128,0.040790778,-0.010826402,-0.28892034,0.03934831,-0.06071209,-0.004548464,-0.32943654,-0.16222484,0.0026545343,-0.18442337,-0.21307278,-0.32147995
18-311-00168,2026-04-01,max_rain contributed -23%; sum_rain contributed -10%; distance_from_river contributed -10%,-1.1913204,-0.13345069,-0.5318175,-0.04493609,0.2513873,-0.13268746,-0.24246848,-0.075789526,0.427929,-0.026576973,-0.20592475,-0.07683481,-0.4087516,-0.08543149,-0.5199277,-0.111654684,-0.017958326,-0.05459979,-0.15472913,-0.3764362
18-312-00169,2026-04-01,max_rain contributed -32%; mean_ndvi contributed -11%; sum_rain contributed -7%,-0.9541513,0.094054945,-0.213239,-0.33404487,0.035381995,-0.17069364,-0.11935747,-0.01828283,0.013428251,0.03668398,0.059169788,0.071343526,0.054940175,0.07764126,-0.16416222,0.096273206,0.15290019,-0.07363579,0.09596537,-0.18289417
18-312-00170,2026-04-01,distance_from_river contributed -27%; max_rain contributed -15%; mean_ndvi contributed -14%,-0.99485207,-0.14774348,-0.3085632,-0.90495884,-0.30346164,-0.19451131,-0.23149127,-0.06415715,-0.38707873,-0.035009794,0.06909523,-0.06739327,-0.038178228,-0.047919,-1.7748685,-0.13450976,0.035579,-0.16133928,-0.2404419,-0.4236983
18-312-00171,2026-04-01,total_hhd contributed -12%; max_rain contributed -11%; distance_from_river contributed -11%,-0.7963595,-0.26139718,-0.2970591,-0.19113365,0.13207795,-0.2732996,-0.12748876,-0.09255168,-0.40680322,-0.84180903,-0.6802272,-0.1515047,-0.08224655,-0.25413755,-0.7741618,-0.4588849,-0.33811006,-0.62480474,0.11255453,-0.31821233
18-312-00276,2026-04-01,max_rain contributed -34%; mean_rain contributed +19%; impact contributed -9%,-1.1075128,0.61707807,-0.029407328,-0.2243201,0.025289487,-0.07204446,-0.013985662,-0.030345215,-0.20719667,-0.027357016,0.16097893,0.03653301,0.0202578,0.057166144,-0.021297302,0.071244925,0.19543646,-0.0044176388,0.033917766,-0.2998867
18-312-00277,2026-04-01,max_rain contributed -18%; sum_rain contributed -15%; mean_sex_ratio contributed -9%,-0.50677973,0.008632964,-0.4261196,-0.12945503,-0.017108666,0.14319429,-0.05093998,-0.026312232,-0.26819345,0.0038707643,-0.23717958,0.1821446,-0.0238349,0.100271136,0.12893754,-0.19829158,0.108234,0.05569623,0.0034678215,-0.21181992
18-313-00172,2026-04-01,max_rain contributed -34%; net_sown_area_in_hac contributed -11%; mean_ndvi contributed -9%,-1.3734703,0.080646224,0.23373893,-0.3727873,0.06834162,-0.11716101,0.15461516,-0.07750283,0.13123304,0.007218153,-0.4388818,0.12749821,0.0056265574,-0.100624695,0.08985095,-0.07616224,0.118798174,0.09271602,0.006288084,-0.30964583
18-313-00173,2026-04-01,max_rain contributed -29%; mean_rain contributed +14%; net_sown_area_in_hac contributed -8%,-1.310778,0.65761,0.040328808,0.36234602,-0.10047207,-0.15218332,0.03505538,-0.050664198,0.03227546,-0.2934116,-0.38378322,-0.07282327,-0.003587355,0.03420598,0.13764623,0.093654625,0.15538318,0.16925511,-0.1527428,-0.31215015
18-313-00174,2026-04-01,max_rain contributed -36%; sum_rain contributed -8%; mean_ndvi contributed -8%,-1.6057503,0.30007634,-0.37820882,-0.37745896,0.0011492154,0.007886704,0.06772428,-0.028108384,0.10129308,0.0312715,0.12050132,0.040852483,0.07613696,0.069624625,-0.2630452,0.18472631,0.14643908,-0.29361093,0.1627022,-0.25694036
18-313-00175,2026-04-01,max_rain contributed -17%; mean_ndvi contributed -11%; mean_rain contributed +10%,-0.8551409,0.5198235,-0.48107424,-0.5691925,0.13471527,0.29685724,0.20327328,-0.055912662,0.112646565,0.07809205,-0.11674614,-0.06622843,-0.2862265,-0.2596394,-0.36192822,-0.02030761,0.14063643,-0.045218572,0.13295844,-0.39466354
18-313-00176,2026-04-01,max_rain contributed -40%; mean_ndvi contributed -11%; sum_rain contributed -9%,-2.2715693,-0.21113156,-0.5035664,-0.6327855,-0.067748405,-0.026551008,-0.20255516,-0.13710205,-0.026676951,-0.030637637,-0.06694661,-0.07757445,-0.42539665,0.14795052,0.10030121,-0.24506094,-0.10483043,-0.19388908,-0.078961805,-0.1640018
18-313-00177,2026-04-01,max_rain contributed -24%; road_length contributed -12%; impact contributed -9%,-1.0138981,0.14870757,-0.036779072,-0.29818246,-0.19444034,-0.21676274,-0.019024838,-0.03255242,0.08049529,-0.022647446,0.007885541,-0.161255,-0.27316055,-0.50015545,0.0814563,-0.15051426,-0.27290693,-0.12914847,-0.20885615,-0.37186244
18-314-00178,2026-04-01,mean_sex_ratio contributed -17%; mean_rain contributed -16%; distance_from_river contributed -16%,0.1668668,-1.136606,-0.1238715,-0.2707438,0.045180805,-0.1454313,-0.07410935,-0.14344068,-1.2462033,0.028114287,0.19373418,-0.0024893899,-0.09755886,-0.11804314,-1.1360432,-0.33039078,-0.34419838,-0.78053594,-0.34951672,-0.5594083
18-314-00179,2026-04-01,slope_mean contributed -13%; elevation_mean contributed -11%; total_hhd contributed -10%,0.19925362,-0.34508058,-0.13850614,0.11323459,-0.04884933,-0.2798533,-0.33421975,-0.17877138,-0.57801926,-0.75610715,-0.62325835,-0.058815517,-0.18099695,-0.06066059,-0.49476779,-0.46822673,-0.8101505,-0.9544539,-0.26364708,-0.44096792
18-314-00275,2026-04-01,sum_rain contributed +31%; impact contributed -10%; mean_ndvi contributed -9%,-0.023590073,-0.27965212,1.556723,-0.46372405,0.15333126,-0.045608453,-0.029665198,0.012463686,-0.031306595,0.08015066,0.14214718,-0.21934682,0.07764941,0.1111213,-0.2617835,-0.21496008,-0.24795935,-0.38334963,-0.14010642,-0.5048127
18-315-00180,2026-04-01,max_rain contributed -20%; mean_rain contributed -12%; mean_sex_ratio contributed -10%,-2.2962968,-1.357085,-0.19272062,-0.2442163,-1.053371,-0.33903226,-0.22916698,-0.09885889,-1.1238343,-0.6392042,-0.19278854,0.016636774,-0.41313887,-0.28502145,-0.1327789,-0.5263047,-0.8904101,-0.89812386,-0.13956925,-0.17186145
18-315-00181,2026-04-01,mean_rain contributed -14%; mean_sex_ratio contributed -14%; mean_ndvi contributed -10%,-0.59217423,-1.2777339,0.06630577,-0.93371207,-0.4110625,-0.15771988,-0.27714112,-0.27930316,-1.2755128,-0.59454405,-0.43361014,0.02344986,-0.30082813,-0.027656138,-0.10868406,-0.5488621,-0.6337217,-0.85561377,-0.05917361,-0.47753003
18-315-00182,2026-04-01,max_rain contributed -16%; net_sown_area_in_hac contributed -9%; distance_from_river contributed -9%,-2.2103832,-1.0500197,-0.45309025,-0.0450926,-1.0234904,-0.5527511,-0.61398995,-0.08266876,-0.7547887,-0.507529,-1.2517685,-0.3506933,-0.25944945,-0.3779264,-1.1613007,-0.5618631,-0.9305305,-0.715058,-0.26651046,-0.28888953
18-315-00183,2026-04-01,max_rain contributed -21%; mean_sex_ratio contributed -12%; elevation_mean contributed -8%,-2.243931,-0.8511804,-0.3657236,-0.5546466,-0.19022961,-0.26036987,-0.51607907,-0.320938,-1.2662002,-0.58561075,-0.10753978,-0.04120135,-0.3919541,-0.27422908,-0.32293227,-0.31227174,-0.9088589,-0.827955,-0.18278238,-0.21792538
18-316-00184,2026-04-01,mean_ndbi contributed -15%; net_sown_area_in_hac contributed -14%; drainage_density contributed -13%,0.12425341,-0.11584947,-0.22627056,-0.29309458,-0.78312236,-0.09732963,-0.11056544,-0.0729744,-0.107387334,0.0027537227,-0.7106576,-0.22576526,0.03579095,0.011298836,0.11790063,-0.6545504,-0.38350973,-0.6037754,-0.08047182,-0.4680532
18-316-00185,2026-04-01,max_rain contributed -20%; schools_count contributed -9%; mean_sex_ratio contributed +8%,-1.005918,-0.24685001,-0.31995493,0.35814363,-0.24183322,0.20312983,0.055269435,-0.14308125,0.39307684,-0.15031023,0.1211936,-0.4572473,-0.3291649,-0.15724799,0.011853924,-0.20039447,0.040853303,-0.22641034,0.08846708,-0.34389013
18-316-00186,2026-04-01,mean_ndvi contributed -29%; max_rain contributed -12%; mean_ndbi contributed -8%,-0.73993367,0.063213445,-0.35881844,-1.7537172,-0.5145687,-0.071681894,0.026882432,-0.013677626,0.25252792,0.043665916,-0.34166208,-0.1482238,0.03345972,0.04272519,-0.006567894,-0.482303,-0.3518635,-0.42968115,0.0103907725,-0.44468322
18-316-00187,2026-04-01,mean_ndvi contributed -21%; max_rain contributed -14%; mean_rain contributed -13%,-0.83979964,-0.7618268,-0.45087355,-1.2192092,-0.3589501,0.11573723,-0.035453353,-0.062469,-0.15562043,0.04769176,0.18360989,-0.25930664,-0.1316928,0.071023986,-0.03994852,-0.21800894,0.08533956,-0.2632093,-0.19322568,-0.34682906
18-316-00188,2026-04-01,max_rain contributed -15%; mean_ndvi contributed -14%; sum_rain contributed -13%,-0.70325994,-0.50915253,-0.598101,-0.65975034,0.03240809,-0.029192422,-0.018019166,-0.13803534,-0.21798986,0.0784932,0.17112236,-0.12485009,-0.21567786,0.06990401,0.07941825,-0.12411824,-0.2187903,-0.36557925,0.041835606,-0.32107267
18-317-00189,2026-04-01,elevation_mean contributed -22%; sum_rain contributed -15%; mean_rain contributed -8%,-0.35726726,-0.526516,-0.98239076,-0.4208917,-0.522148,-0.21429655,-0.3157588,-0.33741432,-0.34140378,0.07571899,0.14984646,0.05000254,0.073743984,0.09003884,0.0464364,0.18361937,-1.4706314,0.051188976,0.075190835,-0.3613059
18-317-00190,2026-04-01,elevation_mean contributed -30%; mean_ndbi contributed -14%; sum_rain contributed -12%,-0.39356223,-0.5620956,-0.58429617,0.05316644,-0.6785763,-0.14628218,0.013919062,-0.07976812,-0.07294737,0.008516533,0.025800742,0.05659152,0.035125375,-0.017440172,0.12934104,-0.1385101,-1.5079271,0.021441892,0.06500962,-0.39901814
18-317-00191,2026-04-01,elevation_mean contributed -24%; net_sown_area_in_hac contributed -13%; mean_rain contributed -12%,-0.50439334,-0.80520546,-0.44368824,-0.15431216,-0.45766214,-0.16662242,0.027941296,-0.10061134,-0.1834107,0.058211256,-0.90125763,-0.29031932,0.051628772,0.031481795,0.06573377,-0.16460411,-1.6280886,-0.23334602,0.034791734,-0.4097899
18-317-00192,2026-04-01,net_sown_area_in_hac contributed -12%; mean_ndbi contributed -11%; mean_ndvi contributed -10%,-0.4425881,-0.02852605,-0.4025142,-0.52660596,-0.6131224,-0.0933455,-0.15735057,-0.17875491,-0.21415535,0.007121943,-0.6347303,-0.38180348,0.036999293,0.011474589,0.032875936,-0.3148463,-0.19082187,-0.51879513,-0.2586719,-0.45137858
18-317-00193,2026-04-01,distance_from_river contributed -19%; mean_ndbi contributed -12%; schools_count contributed -10%,0.137071,-0.14201227,0.31249586,0.054425485,-0.87726766,-0.25437838,-0.37945613,-0.35401452,-0.32654354,0.007382795,-0.042132035,-0.70292306,0.052681826,-0.11853294,-1.4022068,-0.53809255,-0.31603792,-0.57719237,-0.09102418,-0.5487815
18-318-00194,2026-04-01,sum_rain contributed -24%; elevation_mean contributed -24%; mean_ndbi contributed -16%,-0.15532716,-0.070695184,-1.4198139,-0.27381015,-0.9560199,0.2027633,-0.045540795,-0.017722093,0.0053879884,-0.054296575,-0.30682585,-0.10404345,0.02362412,0.092564076,-0.0026207692,-0.07172995,-1.3903632,-0.058959525,0.088447556,-0.475642
18-318-00195,2026-04-01,sum_rain contributed -19%; elevation_mean contributed -17%; mean_ndbi contributed -12%,-0.6274069,-0.3500538,-1.3743366,0.17894717,-0.86746514,-0.09375932,-0.007932007,-0.05926134,-0.49101788,0.047708746,-0.31021264,-0.2750598,0.04102014,0.002093403,-0.28045985,-0.16547582,-1.207161,-0.16684812,0.01656894,-0.54667324
18-318-00196,2026-04-01,sum_rain contributed -19%; mean_sex_ratio contributed -18%; slope_mean contributed -11%,0.00990633,0.16536689,-0.92436755,0.09496429,0.20581016,-0.08696498,0.04481828,-0.117767416,-0.8740104,0.031112252,-0.08555474,-0.3176437,0.06713456,0.015274903,-0.3259263,-0.12332011,-0.32760665,-0.5508947,-0.03459857,-0.51008576
18-318-00197,2026-04-01,mean_sex_ratio contributed -19%; slope_mean contributed -14%; impact contributed -9%,0.106609814,0.19366245,0.047654286,-0.031713665,0.35016024,-0.11881374,0.061747648,-0.0741571,-0.9211321,0.05582459,0.13575986,-0.31935462,-0.10549948,-0.08108756,-0.29834804,-0.34377328,0.18076879,-0.64868236,-0.27244368,-0.45067725
18-319-00198,2026-04-01,sum_rain contributed -10%; mean_sex_ratio contributed -10%; mean_ndvi contributed -10%,-0.5792358,0.3548511,-0.6314374,-0.60838217,-0.40697116,-0.10843532,-0.19818996,-0.017392142,-0.6249331,0.013279928,-0.5568342,-0.51309156,-0.02993512,0.058774695,0.05336097,-0.34054762,0.004636286,-0.5911909,-0.21391268,-0.27942762
18-319-00199,2026-04-01,max_rain contributed -23%; mean_ndbi contributed -13%; mean_sex_ratio contributed -13%,-1.319845,-0.42455232,-0.07220773,-0.12475663,-0.73983604,-0.05077131,-0.0961961,-0.22842927,-0.7253749,-0.12131669,-0.5014906,-0.0066996114,-0.05368927,0.022508208,0.03436077,-0.13155054,-0.07017862,-0.03002815,-0.67596203,-0.29369316
18-319-00200,2026-04-01,max_rain contributed -19%; mean_sex_ratio contributed -14%; mean_ndvi contributed -14%,-0.9108942,0.088692226,-0.16119102,-0.6616175,-0.034678206,-0.20478816,-0.20998171,-0.32553762,-0.68567497,0.04555684,0.115203954,-0.1362044,-0.08326614,-0.09288501,-0.045151025,0.041274454,-0.27454674,-0.19315308,-0.15217985,-0.33610636
18-319-00201,2026-04-01,sum_rain contributed -20%; net_sown_area_in_hac contributed -13%; mean_sex_ratio contributed -12%,-0.5108586,0.06789097,-1.4405451,0.16449633,-0.061610777,-0.03645719,-0.13342771,-0.056455206,-0.84894955,-0.48715305,-0.9088013,-0.7264502,-0.18594447,-0.2637985,0.07178713,-0.35971022,0.009561408,0.08713875,-0.3074593,-0.35211483
18-319-00202,2026-04-01,max_rain contributed -22%; mean_sex_ratio contributed -17%; slope_mean contributed -8%,-1.2110158,-0.28339708,-0.24722557,-0.42572087,-0.105468996,-0.114424564,-0.1912675,-0.24291284,-0.97820055,-0.042691063,-0.3818476,-0.03341457,-0.030290123,-0.16709703,-0.14222433,0.046419986,-0.24871191,-0.45816138,-0.1291168,-0.118620865
18-320-00203,2026-04-01,sum_aged_population contributed -18%; sum_rain contributed -17%; schools_count contributed -13%,-0.95222384,-0.10394623,-1.7817934,0.24861556,0.016531182,-0.6339819,-1.882319,0.108882554,-0.2733163,-0.61659753,-1.2421533,-1.3671788,-0.4563377,-0.22524281,-0.09060754,-0.036887288,-0.13065462,0.07989427,-0.15563914,-0.16783462
18-320-00204,2026-04-01,sum_aged_population contributed -14%; sum_rain contributed -11%; net_sown_area_in_hac contributed -10%,-1.0850552,-0.61140496,-1.2521895,-0.44791815,-0.578856,-0.42389056,-1.6242912,0.09553051,-0.8572259,-0.63563526,-1.1774191,-1.1765232,-0.35859653,-0.3518192,-0.15244135,-0.30693427,-0.16498397,0.022299312,-0.0036638794,-0.158365
18-320-00205,2026-04-01,mean_ndbi contributed -18%; max_rain contributed +16%; drainage_density contributed -12%,0.5784736,0.08016234,0.16606283,-0.38757572,-0.6682484,0.058167603,-0.08285428,0.0046108486,-0.22792059,-0.1721827,-0.13252148,0.05506635,0.08147916,0.061007064,-0.0057282094,-0.41913092,-0.017543573,0.11116671,-0.004164173,-0.32756704
18-320-00206,2026-04-01,mean_sex_ratio contributed -21%; mean_rain contributed +16%; net_sown_area_in_hac contributed -15%,0.11079161,0.61497486,-0.25170356,-0.24895895,0.23409098,0.05234948,-0.031529322,0.0019511415,-0.79014015,-0.007931626,-0.56262064,0.06427065,-0.0077555142,-0.04749185,0.09279123,0.057849035,0.061748173,0.110323034,-0.17425479,-0.27495602
18-320-00207,2026-04-01,mean_ndbi contributed -17%; mean_ndvi contributed -16%; mean_rain contributed -10%,-0.032618314,-0.50199103,-0.17807646,-0.7964204,-0.87307,-0.31701124,-0.17962146,-0.06730441,-0.4468645,-0.027577715,0.31400457,0.02495732,0.06812104,0.02502523,-0.08577992,-0.41082692,0.15765294,-0.14474137,0.05590053,-0.36944792
18-321-00208,2026-04-01,sum_rain contributed -29%; mean_ndbi contributed -21%; mean_rain contributed -10%,-0.07919419,-0.44236854,-1.235377,0.3644375,-0.88279015,-0.22238821,-0.050287,-0.08075457,0.113012254,0.008085535,-0.35293558,0.11089153,0.014748565,-0.054452106,0.08839164,-0.0060513,0.0010421523,0.0460152,0.064173125,-0.021016
18-321-00209,2026-04-01,sum_rain contributed -19%; schools_count contributed -17%; mean_ndbi contributed -12%,-0.44923556,0.4075316,-1.3529947,0.08470891,-0.8321495,-0.23959091,-0.6021347,0.00023630384,0.047942568,-0.6298368,-0.19488302,-1.1907464,-0.27106783,-0.25036353,-0.063161924,0.041367106,-0.053829793,-0.010833694,-0.12926994,-0.17351152
18-321-00210,2026-04-01,mean_rain contributed -35%; sum_rain contributed -24%; mean_ndbi contributed -15%,-0.035836395,-1.8330925,-1.2733237,0.154208,-0.79455996,-0.09388859,-0.05976282,-0.14104666,-0.011813023,-0.012475168,-0.16902624,-0.06808846,-0.12552138,-0.10723666,0.1010063,-0.124853365,-0.013822061,0.05238543,-0.078115426,-0.047427643
18-321-00211,2026-04-01,max_rain contributed -26%; mean_ndbi contributed -16%; sum_aged_population contributed -12%,-1.0454863,-0.08084816,-0.37879023,-0.32919168,-0.6332278,0.023144795,-0.46502528,-0.04993105,0.18719305,0.03366515,-0.06631448,-0.043272264,-0.006431506,-0.18526319,0.08535616,-0.08463788,-0.028588679,0.10352808,-0.013851362,-0.12919651
18-321-00212,2026-04-01,mean_ndvi contributed -19%; distance_from_river contributed -16%; slope_mean contributed -9%,-0.4708769,0.17546469,-0.40343824,-1.6513475,-0.7326347,-0.10071373,-0.06362434,-0.12541161,-0.09293765,0.047142506,-0.43811092,-0.086183265,0.07038689,-0.48578912,-1.3877031,-0.5617967,-0.4280011,-0.83147854,-0.15938652,-0.5565288
18-321-00213,2026-04-01,sum_rain contributed -24%; mean_cn contributed -17%; mean_ndbi contributed -9%,-0.050051812,0.12150989,-0.9556532,-0.117338754,-0.3695405,-0.22098918,-0.08160061,-0.06410558,0.16547345,-0.0007334477,0.056856386,0.028891532,-0.0027772752,-0.24511008,0.037045505,0.09619508,-0.21056819,0.15646787,-0.6799999,-0.33733752
18-321-00214,2026-04-01,net_sown_area_in_hac contributed -28%; sum_rain contributed -22%; mean_ndbi contributed -7%,-0.39613575,-0.064622134,-1.3898723,-0.015607628,-0.46842542,-0.02319201,-0.20573232,-0.17463598,0.24486598,-0.31084087,-1.7515482,-0.098677516,-0.08784663,-0.17065333,0.008988523,-0.0637911,-0.23374845,0.08350918,-0.10577782,-0.40109983
18-321-00215,2026-04-01,net_sown_area_in_hac contributed -23%; sum_rain contributed -21%; schools_count contributed -10%,-0.21862462,-0.19308628,-1.5933663,-0.21290113,-0.02488386,-0.07626902,-0.1165304,-0.3082868,0.2735874,-0.568103,-1.7624185,-0.74469084,0.033341758,-0.21633579,0.013201462,0.006202544,-0.052134216,-0.65216964,-0.30015826,-0.40181553
18-321-00216,2026-04-01,mean_ndvi contributed -23%; mean_ndbi contributed -11%; sum_aged_population contributed -10%,-0.134067,0.048022322,-0.042878576,-1.551305,-0.71832204,-0.18710652,-0.70069134,-0.015963603,-0.009892454,-0.20041512,0.093474,-0.06278604,0.12688406,-0.0652908,-0.37007588,-0.49083948,-0.6683056,-0.69691956,-0.23541516,-0.35825846
18-321-00217,2026-04-01,max_rain contributed -26%; sum_aged_population contributed -13%; sum_rain contributed -10%,-2.773125,-0.9898449,-1.0865624,0.21637888,-0.5578648,-0.33643395,-1.3667281,0.07741708,-0.07040692,-0.32963368,-1.0327986,-0.73056567,-0.008745393,0.073061146,-0.0629576,-0.38890392,0.06944164,-0.30182612,-0.10005708,-0.09654768
18-321-00218,2026-04-01,max_rain contributed -27%; mean_rain contributed -12%; sum_rain contributed -12%,-2.7688868,-1.2195268,-1.2057264,0.18193522,-1.1207838,-0.32901952,-0.3791903,0.14466421,0.07407675,-0.3744674,-0.9161309,-0.57084936,-0.3245677,-0.014803749,-0.0037912475,-0.0035370537,0.06776627,-0.33676836,-0.027588781,-0.084597275
18-321-00272,2026-04-01,distance_from_river contributed -27%; mean_ndvi contributed -12%; impact contributed -9%,0.10177814,0.34520432,-0.3888971,-0.53127587,-0.20641156,-0.1543384,0.027249577,-0.013568992,0.15352437,-0.0034170558,-0.12445188,0.029512906,-0.16044414,-0.16109869,-1.2159902,-0.22206049,-0.0406317,0.16256163,0.046643134,-0.42389315
18-321-00273,2026-04-01,max_rain contributed -13%; distance_from_river contributed -12%; mean_rain contributed -10%,-1.3604009,-1.0952992,-0.5746567,-0.7484376,-0.5511949,-0.2567125,-0.016819242,-0.10417812,-1.0663911,-0.5728858,-0.5802334,-0.5121318,0.080777906,-0.08799707,-1.2976078,-0.6199923,-0.5843205,-0.004457758,0.0059663253,-0.4359346
18-322-00219,2026-04-01,max_rain contributed -15%; mean_rain contributed -15%; sum_rain contributed -15%,-1.6776286,-1.6728307,-1.658735,-0.38128963,-0.37974367,-0.2143863,-0.09882561,-0.23347703,-0.9726857,-0.35040894,-1.4009646,-0.047318254,-0.34481934,-0.15643576,-0.23817497,-0.29985097,-0.14674453,-0.31235605,-0.09171668,-0.2348787
18-322-00220,2026-04-01,sum_rain contributed -14%; max_rain contributed -14%; mean_rain contributed -12%,-1.4989715,-1.3620414,-1.5142624,-0.59030396,0.05469967,-0.25558984,-0.16550177,-0.1642668,-0.95100284,-0.11303973,-1.3301753,0.05535305,-0.22266537,-0.38856006,-0.462902,-0.46810183,-0.7768871,-0.459842,-0.053177033,-0.18441433
18-322-00221,2026-04-01,max_rain contributed -25%; mean_rain contributed -11%; sum_rain contributed -8%,-2.648322,-1.1584983,-0.8954751,-0.70508856,-0.34477714,-0.056631602,-0.44381484,-0.10750783,-0.7204915,-0.34304824,-0.5100597,-0.5623741,-0.05416629,-0.31617367,0.010649985,-0.43285832,-0.6350441,-0.5464119,-0.084753364,-0.22070007
18-322-00267,2026-04-01,net_sown_area_in_hac contributed -15%; sum_rain contributed -15%; mean_rain contributed -12%,-1.0110301,-1.1517543,-1.4420615,-0.4419585,0.1044505,-0.43460345,-0.33575928,-0.25500676,-0.77738756,-0.434612,-1.4566646,-0.042620234,-0.4844247,-0.08580685,-0.04033283,-0.2911666,-0.16288292,0.06603974,-0.24302474,-0.19850516
18-323-00222,2026-04-01,max_rain contributed -25%; mean_ndbi contributed -16%; sum_rain contributed -10%,-1.4674187,-0.50320095,-0.57024467,0.3504688,-0.96595037,-0.08524092,0.06208265,0.17394263,-0.042723376,-0.32358503,-0.22265673,-0.16446202,0.025304478,0.12989618,0.19624679,0.12097205,0.22423469,0.089002974,0.14602037,-0.012231574
18-323-00223,2026-04-01,sum_rain contributed -22%; mean_rain contributed +10%; mean_ndbi contributed -10%,-0.22355905,0.46515867,-1.026075,0.37321943,-0.44744074,-0.027028136,-0.42962763,0.2097967,-0.17468104,0.042876344,-0.16095227,0.20142813,0.05444152,-0.037914615,-0.21459113,0.20274347,0.10407538,0.05875109,0.08863672,-0.02327244
18-323-00224,2026-04-01,max_rain contributed -26%; impact contributed -12%; mean_ndbi contributed -12%,-0.8681869,0.17002858,-0.17005813,-0.13999528,-0.38917014,-0.09117866,-0.111338854,-0.006000201,-0.091340125,0.050219413,0.032244924,0.035460986,0.06895469,0.087298684,0.10420223,0.22957116,-0.1253232,0.08340495,0.0410521,-0.40637758
18-323-00225,2026-04-01,sum_rain contributed -29%; mean_ndbi contributed -18%; net_sown_area_in_hac contributed -11%,-0.51148695,-0.31019112,-1.5254912,-0.22798575,-0.9670993,0.024804765,-0.033868726,-0.07158626,0.059678655,-0.0131992195,-0.5734813,-0.30171233,-0.053721003,-0.20574258,0.046011973,0.08507051,-0.06893639,0.04281527,0.019368123,-0.20175228
18-323-00226,2026-04-01,sum_rain contributed -28%; mean_ndbi contributed -15%; mean_rain contributed -11%,-0.30474752,-0.5080013,-1.3025507,0.25875017,-0.68584657,-0.19420595,-0.060061276,-0.10671094,-0.1959084,-0.0068378374,-0.34284493,0.10775531,-0.04728244,0.1100616,0.1378425,-0.048174795,-0.1143009,0.06007042,0.011791429,-0.11232395
18-323-00227,2026-04-01,max_rain contributed -17%; mean_ndvi contributed +10%; elevation_mean contributed +7%,-0.92361826,-0.17032003,-0.38258436,0.51901734,-0.33114946,-0.26389,-0.37686002,0.30004674,-0.01819112,-0.39497915,-0.17366573,-0.23241247,-0.22661589,-0.088335186,0.19304544,0.20153604,0.39508334,0.121793866,0.05797091,-0.0027503765
18-323-00228,2026-04-01,max_rain contributed -22%; sum_rain contributed -22%; mean_ndbi contributed -17%,-1.2133801,-0.16109347,-1.2064606,0.1729773,-0.9277513,-0.1906703,-0.116124764,-0.0665138,0.12485249,0.07026565,-0.3770331,-0.06429873,-0.029618364,-0.14288846,0.16638316,-0.28272077,0.061251648,0.08372669,-0.06713235,-0.06626621
18-323-00230,2026-04-01,sum_aged_population contributed -18%; sum_rain contributed -14%; net_sown_area_in_hac contributed -13%,-0.8932813,-0.17942072,-1.3514184,0.4186234,-0.59027606,-0.5883182,-1.6809592,0.12260062,0.023284769,-0.58043575,-1.2841297,-0.9314673,-0.5208879,-0.05866859,0.009929637,-0.06845542,-0.01487379,0.047993354,-0.021233521,-0.14576113
18-324-00231,2026-04-01,mean_ndvi contributed -17%; mean_sex_ratio contributed -14%; max_rain contributed -13%,-1.3589654,-0.27076474,-0.71001655,-1.7314072,-0.7358046,-0.18539739,-0.22002226,-0.1317167,-1.4470463,-0.19962592,-0.5022995,-0.6921025,-0.10998558,-0.8441307,0.04692586,-0.6967857,0.026635384,-0.120409176,-0.02375405,-0.2911621
18-324-00232,2026-04-01,net_sown_area_in_hac contributed -20%; sum_rain contributed -15%; max_rain contributed -11%,-0.92633766,0.2515154,-1.188568,0.22805768,-0.40006435,-0.4871168,-0.018393323,0.06217748,-0.6281431,-0.6822501,-1.646725,-0.87473345,-0.15442058,-0.27972442,-0.07366012,-0.0023766314,-0.03074754,0.027142622,0.025866153,-0.14544518
18-324-00233,2026-04-01,mean_sex_ratio contributed -21%; max_rain contributed -17%; sum_rain contributed -13%,-0.9860624,0.18482278,-0.75138706,-0.4256758,-0.5878721,-0.2055651,-0.09379891,-0.09605764,-1.2189031,-0.06787486,0.23822442,0.08838875,0.07825281,0.08590577,0.2053002,-0.15443991,0.19545306,0.034912884,0.05863926,0.028256213
18-324-00234,2026-04-01,sum_rain contributed -16%; max_rain contributed -16%; mean_ndvi contributed +9%,-0.88807696,0.20588985,-0.91114354,0.5378208,-0.48742336,-0.0988075,-0.07556498,0.15720075,-0.52684927,-0.48437172,-0.46594566,-0.33248252,0.055687014,-0.013127299,0.18208735,0.081077084,-0.048557676,0.059221394,0.061238486,-0.035130624
18-324-00260,2026-04-01,sum_rain contributed -19%; mean_sex_ratio contributed -14%; max_rain contributed -9%,-0.4779529,0.28744328,-1.04154,-0.18372816,-0.41390896,-0.14297545,-0.44500017,0.22924516,-0.7487567,-0.42382655,-0.09227783,0.13170342,-0.02486047,-0.19603881,0.10650529,-0.18004805,-0.031820517,0.028136196,0.03591857,0.12716724
18-324-00262,2026-04-01,mean_rain contributed +22%; mean_sex_ratio contributed -20%; max_rain contributed -10%,-0.4411572,0.96450764,-0.17499214,-0.33548546,-0.28022617,-0.04744951,-0.080854714,-0.12710069,-0.8676995,0.02438054,0.09052754,0.04702183,0.061837774,-0.04341334,0.017497825,-0.31915203,0.04900105,-0.07428779,-0.13771088,-0.113508485
18-324-00263,2026-04-01,mean_sex_ratio contributed -24%; sum_rain contributed -18%; max_rain contributed -8%,-0.56984025,-0.17013478,-1.340435,0.5688431,-0.027020406,-0.26917467,-0.36859956,0.099487536,-1.7971253,-0.5433085,-0.4297529,-0.54120284,-0.007257623,-0.220544,-0.03002895,0.09568997,-0.108575664,0.05515655,-0.0678227,-0.05330023
18-325-00237,2026-04-01,max_rain contributed -29%; sum_rain contributed -16%; mean_rain contributed -13%,-2.8684769,-1.2390677,-1.5553038,-0.85707855,0.12671675,-0.37761346,-0.5316007,0.005974552,-0.12087335,-0.38966197,-0.28811902,-0.5269557,-0.056885347,-0.11567762,-0.14370357,-0.18902193,0.004254789,-0.3260917,0.029332964,-0.098562114
18-325-00238,2026-04-01,max_rain contributed -39%; mean_rain contributed -16%; sum_rain contributed -7%,-3.1229303,-1.2712885,-0.58217984,0.1665901,-0.5151158,-0.077576764,-0.46422374,0.05242773,-0.15427904,-0.13718401,-0.2343133,0.07323068,-0.046223477,0.0680551,-0.014546298,-0.32307497,0.033799224,-0.38638,-0.1680487,-0.03000764
18-325-00239,2026-04-01,max_rain contributed -44%; mean_rain contributed -17%; sum_rain contributed -11%,-3.9312184,-1.5023764,-0.96000963,-0.19431515,-0.7503844,0.041391138,0.017488748,-0.35657206,0.0974286,0.03278638,-0.0020864278,0.15438904,0.023886602,0.08514478,0.1626527,0.18186091,0.057424948,0.17553794,0.15358542,-0.11563547
18-325-00269,2026-04-01,sum_rain contributed -24%; max_rain contributed -21%; mean_rain contributed -20%,-1.3531082,-1.3131477,-1.5169041,-0.29228753,0.4509823,-0.028958896,0.045898568,-0.1507273,0.13577794,0.11564661,0.1726136,0.056471508,0.009250886,0.07797179,0.27985516,0.14369139,0.051569603,0.07376934,0.095913574,-0.082651064
18-325-00270,2026-04-01,max_rain contributed -35%; sum_rain contributed -12%; mean_ndvi contributed -10%,-2.0036304,-0.25040132,-0.7155926,-0.5774161,0.43774426,0.24673548,0.110319026,0.017352032,0.04893857,0.14864783,0.06880393,-0.043314297,-0.046255313,-0.24157041,0.07616285,-0.33492777,-0.010097528,-0.05596964,-0.106418185,-0.21288142
18-326-00240,2026-04-01,sum_rain contributed -15%; net_sown_area_in_hac contributed -13%; schools_count contributed -11%,-1.0186632,-0.76939756,-1.5065517,-0.9750754,0.17170456,-0.5074496,-0.6274875,0.014736329,-0.009408836,-0.67384297,-1.3454505,-1.0906975,-0.46731862,-0.23800576,-0.0585564,-0.08599466,-0.07769963,-0.00021861959,-0.18880332,-0.25660807
18-326-00241,2026-04-01,max_rain contributed -16%; mean_rain contributed -15%; sum_rain contributed -15%,-1.2206403,-1.1648699,-1.1419406,-0.71691376,0.1443597,-0.0024623722,-0.2391486,-0.05678807,-0.66548383,-0.4675686,-0.4075636,-0.06902043,-0.24541551,-0.017423108,-0.13074909,-0.41967878,-0.07402294,-0.2681094,-0.19640876,-0.11994035
18-326-00242,2026-04-01,max_rain contributed -24%; sum_aged_population contributed -13%; sum_rain contributed -12%,-2.8995183,-1.3723291,-1.394545,-0.61065227,-0.9701873,-0.49242902,-1.5553244,-0.0039775986,-0.36467057,-0.43188217,-0.07049968,-0.51922536,-0.28434232,-0.17855534,-0.057181336,-0.17302218,-0.03906212,-0.5143977,-0.06800467,-0.10859763
18-326-00243,2026-04-01,max_rain contributed -24%; sum_aged_population contributed -16%; sum_rain contributed -14%,-2.61301,-1.0783656,-1.4932703,-0.86758375,-0.2005541,-0.40817884,-1.6982789,-0.026796995,0.0056837057,-0.42882586,-0.08642726,-0.5757957,-0.30684772,-0.20962083,-0.11951633,-0.3752477,-0.033724446,-0.029631082,-0.109332904,-0.11839433
18-326-00244,2026-04-01,net_sown_area_in_hac contributed -16%; max_rain contributed -14%; sum_rain contributed -14%,-1.3484261,-0.3717957,-1.306103,-0.7537211,-0.26850083,-0.1387986,-0.5769942,0.027047252,-0.075036235,-0.5631776,-1.4844046,-1.0183146,-0.21929918,-0.21938194,-0.040446885,-0.3765584,-0.11637583,0.026868988,-0.11908824,-0.28518748
18-326-00245,2026-04-01,max_rain contributed -39%; mean_rain contributed -27%; sum_rain contributed -8%,-2.4272687,-1.6314662,-0.5180655,-0.036254913,0.3093168,0.015354352,0.021195255,-0.026401851,-0.019614005,-0.003967124,0.099707544,-0.074865736,-0.14543155,0.045834552,0.13644907,-0.29809391,-0.20322204,-0.07386874,0.015966738,-0.045971636
18-326-00246,2026-04-01,max_rain contributed -37%; mean_ndvi contributed -10%; health_centres_count contributed -9%,-1.8485609,0.019158583,-0.08187563,-0.51057756,0.22630872,-0.052534256,-0.036642466,-0.27166617,-0.1235552,-0.1311588,0.1018455,-0.13056147,-0.44761202,-0.047701273,0.10920425,-0.27753893,-0.1922569,-0.18698628,-0.01810415,-0.15710372
18-326-00247,2026-04-01,max_rain contributed -38%; mean_ndbi contributed +8%; mean_rain contributed +7%,-1.6965178,0.3049517,-0.13926679,-0.1428388,0.36988157,-0.09561891,-0.11492964,0.047405086,-0.15801498,-0.038144108,0.15201537,0.099985115,-0.28938928,0.030016828,0.24255969,-0.086322606,-0.20608208,-0.05759276,0.111008786,-0.0925328
18-326-00268,2026-04-01,max_rain contributed -27%; mean_rain contributed -16%; mean_ndbi contributed -14%,-1.6731949,-1.0037882,-0.5114841,0.30864406,-0.86444426,0.041707814,-0.4519319,0.19105846,-0.21009153,-0.029516356,0.21699297,0.056138944,-0.18257868,-0.016359486,0.10450006,-0.075335786,-0.0006997042,-0.12871031,0.1406729,0.013426916
18-755-00248,2026-04-01,mean_ndvi contributed -15%; max_rain contributed -15%; sum_rain contributed -13%,-0.9592259,-0.090237714,-0.8173817,-0.9698543,-0.44730493,-0.2859895,-0.096491165,-0.039180998,-0.68305665,-0.13972794,0.0023284287,0.036714226,-0.00379892,-0.0797712,-0.49394983,-0.27665,0.03442847,-0.1110076,-0.37081492,-0.4028946
18-755-00278,2026-04-01,mean_ndvi contributed -19%; max_rain contributed -19%; mean_ndbi contributed -13%,-1.3223183,-0.111523524,-0.83483756,-1.3232654,-0.95241493,-0.017516328,-0.022152703,-0.15285301,-0.06336952,0.035292313,-0.22294639,0.012688194,-0.33931485,-0.101529114,-0.3643842,-0.13217327,-0.3049405,0.040008888,-0.30416095,-0.41599017
18-755-00279,2026-04-01,mean_ndvi contributed -21%; max_rain contributed -19%; sum_rain contributed -14%,-1.0406023,0.06615142,-0.77155083,-1.1238743,-0.6093287,-0.24960382,0.012840431,-0.025483077,-0.3528102,-0.019353706,-0.26335657,0.07630198,0.09393703,-0.009597097,0.07810709,-0.09689114,-0.12539229,0.012077811,0.0418693,-0.30062088
18-756-00249,2026-04-01,mean_ndvi contributed -22%; mean_ndbi contributed -15%; mean_rain contributed -9%,-0.19285367,-0.42184567,0.37567106,-1.0023991,-0.67042744,0.095906265,-0.0846441,-0.14914542,-0.29538912,0.071030125,-0.14646953,0.02071256,-0.08122624,0.079616204,-0.15921779,-0.14177926,0.1425847,-0.1311229,0.0056779906,-0.29874268
18-756-00250,2026-04-01,max_rain contributed -19%; sum_rain contributed -11%; impact contributed -9%,-0.7635091,0.22837889,-0.43622255,-0.15381013,0.17014563,0.19305071,-0.23366822,-0.2509727,0.16505936,-0.07496457,0.10235008,0.07285424,-0.002075941,0.09968117,0.19370025,0.20151417,0.22457902,0.019000918,0.10570612,-0.34738666
18-756-00251,2026-04-01,max_rain contributed -16%; sum_rain contributed -13%; sum_aged_population contributed -9%,-0.62884885,0.3307702,-0.5118904,-0.16298886,0.229461,0.013467113,-0.3627082,0.012753797,0.021447862,-0.0059015644,0.06855493,0.10086076,0.09160309,0.11106455,-0.33689034,0.18392304,0.18347125,0.12850596,0.14979628,-0.30764824
18-757-00252,2026-04-01,max_rain contributed -28%; mean_rain contributed -25%; sum_rain contributed -19%,-1.8584572,-1.6630341,-1.2514293,-0.31992686,0.3347627,-0.110532396,-0.020797,-0.07183058,0.025332913,-0.060032047,0.24947503,0.117353305,0.0025173426,0.0015028237,-0.046146438,-0.035161395,0.026212662,-0.24930483,-0.05776989,-0.17133053
18-757-00253,2026-04-01,max_rain contributed -28%; mean_ndbi contributed -21%; elevation_mean contributed -6%,-1.1285987,0.090444095,-0.15393867,-0.040114224,-0.8692395,-0.035408832,0.094840184,-0.04617999,0.25377968,0.044973504,0.24047181,0.2091044,0.041275468,0.046061598,0.076881446,-0.07918541,-0.25706097,-0.17057043,0.0922315,-0.112277344
18-757-00254,2026-04-01,max_rain contributed -44%; mean_ndbi contributed +7%; sum_rain contributed -6%,-2.7657359,0.11267339,-0.39934713,-0.24623747,0.40905777,0.258646,0.39459592,-0.07735242,-0.08625044,0.086324595,0.14026462,-0.08922017,-0.1280802,0.08366537,-0.36947107,-0.10818126,-0.031845436,-0.23638909,0.1025605,-0.16014628
18-758-00256,2026-04-01,elevation_mean contributed -25%; mean_ndbi contributed -13%; sum_aged_population contributed -11%,0.02224131,-0.49413407,-0.039323024,-0.7196147,-1.1759619,-0.25763142,-0.93318754,-0.07838957,-0.12217301,-0.09251159,-0.25492907,-0.74299777,0.00532056,-0.59948397,0.040388312,0.110136956,-2.2105408,-0.13135912,-0.33279887,-0.46402335
18-758-00257,2026-04-01,elevation_mean contributed -25%; mean_sex_ratio contributed -16%; road_length contributed -11%,-0.13391827,-0.47588655,-0.16613738,-0.1704664,-0.77246284,-0.033941496,-0.25934073,-0.365804,-1.2311296,-0.18854947,-0.16388896,0.014074804,-0.02692485,-0.81784785,-0.034307443,-0.31741253,-1.9547573,-0.027085572,-0.095591016,-0.48517096
18-759-00255,2026-04-01,max_rain contributed -26%; mean_rain contributed -23%; mean_ndbi contributed -11%,-2.8331025,-2.51094,-0.030692613,-0.07984197,-1.1826968,0.007228992,0.25562108,-0.13118044,-0.43892598,-0.12237343,-0.2234509,-0.4601365,-0.024671856,-0.16138797,-0.5218198,-0.2697252,-0.67220217,-0.5501757,-0.3152631,-0.19108616
18-760-00280,2026-04-01,max_rain contributed -28%; sum_rain contributed -14%; sum_population contributed -9%,-1.6370524,-0.26689667,-0.8091731,-0.4179642,0.041571252,-0.526357,-0.33230364,-0.10135982,-0.13499482,-0.3309314,-0.15024844,0.10013037,0.07075988,-0.3186198,0.0754634,0.2670816,0.095678374,0.09587609,-0.0036905003,-0.10710354
18-760-00281,2026-04-01,max_rain contributed -25%; road_length contributed -11%; sum_rain contributed -11%,-1.365899,0.10953548,-0.59004825,-0.26286262,-0.23284468,-0.21818022,-0.23045108,-0.19763446,-0.16317941,-0.1589298,0.005023568,0.16286455,-0.016765554,-0.62214375,0.21549284,0.1633134,0.23630114,0.04328538,-0.22702895,-0.20128776
18-799-00124,2026-04-01,sum_rain contributed -33%; max_rain contributed -25%; mean_ndvi contributed +8%,-1.0392914,0.23177429,-1.3915657,0.3401412,-0.015466015,-0.1294749,-0.14920792,-0.100446135,-0.17946082,0.046762705,0.04445958,0.13670273,0.033529814,0.0059646363,0.1391896,-0.00016351463,0.11751346,-0.025935309,0.047194645,-0.035887368
18-799-00125,2026-04-01,net_sown_area_in_hac contributed -19%; sum_rain contributed -17%; schools_count contributed -12%,-0.49209514,-0.10326464,-1.4855458,0.29784417,0.24672799,-0.6008643,-0.40020558,0.06584337,-0.25346085,-0.6713863,-1.5931289,-1.0199797,-0.22543766,-0.05419683,0.011616535,-0.25969344,-0.16836004,-0.41430998,0.0028700833,-0.14177302
18-799-00265,2026-04-01,max_rain contributed -20%; impact contributed -9%; mean_ndvi contributed +8%,-0.4105731,0.0634456,-0.14071788,0.17084944,0.05737025,-0.059043024,-0.14779368,-0.01615543,0.097987615,0.059514176,0.060710747,-0.0055575627,-0.03369779,-0.07329513,0.13732402,0.037670888,-0.13449265,0.056437273,0.06721461,-0.18485773
18-816-00235,2026-04-01,sum_aged_population contributed -16%; sum_rain contributed -14%; net_sown_area_in_hac contributed -14%,-0.95937026,0.03410418,-1.487545,0.27316594,-0.47115958,-0.56809264,-1.6445475,0.068672694,-0.74112886,-0.5863054,-1.4816961,-0.91376424,-0.47472882,-0.15901028,0.057733864,-0.25751093,-0.1121335,0.0088898875,-0.025329089,-0.13591772
18-816-00236,2026-04-01,max_rain contributed -28%; sum_aged_population contributed -15%; sum_rain contributed -12%,-2.7874258,-0.94847953,-1.1874726,0.30291596,-0.90498346,-0.37797755,-1.5079181,0.05176109,-0.07140479,-0.36618888,-0.018895451,-0.563906,-0.35826632,-0.1536561,-0.027137583,-0.14663056,-0.02688221,-0.08327903,0.089396924,-0.09806273
18-816-00258,2026-04-01,sum_aged_population contributed -18%; sum_rain contributed -15%; max_rain contributed -11%,-1.004122,0.1842219,-1.3736359,0.2939955,-0.42278042,-0.55933714,-1.5889537,0.12328996,-0.22274116,-0.6718685,0.036728185,-0.9432716,-0.49020728,-0.20588318,0.02720565,-0.31110576,-0.12546144,-0.10386639,-0.15553102,-0.13506578
18-816-00259,2026-04-01,mean_rain contributed -18%; mean_ndbi contributed -17%; sum_rain contributed -14%,-0.68099594,-0.9488727,-0.735043,0.47168112,-0.8852573,-0.013342951,-0.084084906,0.116687156,-0.04138569,0.14083317,0.20739856,0.09662734,0.12447208,0.11549421,0.20401609,0.20954731,0.06572888,0.018030332,0.17620584,-0.028442286
18-816-00261,2026-04-01,max_rain contributed -25%; mean_rain contributed -25%; mean_ndvi contributed +8%,-1.141537,-1.138395,-0.25453418,0.3675471,0.00053113676,-0.005121473,-0.0518103,-0.35328406,0.21769515,0.091693856,0.20925766,-0.032230504,0.12778436,0.077866636,0.25481483,0.009204697,-0.073260106,0.055734575,0.05326872,-0.031840067
